Address,TransportationId
8801 Rigney Lane,1
626 Michigan Court,2
2215 Acker Avenue,3
018 Dexter Street,4
666 Hooker Point,5
52 Lighthouse Bay Pass,6
73162 Goodland Crossing,7
2 Homewood Crossing,8
5727 Dawn Hill,9
3925 Washington Point,10
20559 Clemons Avenue,11
9466 Hooker Terrace,12
82 Declaration Junction,13
851 Green Ridge Drive,14
032 Rieder Parkway,15
55 Loeprich Plaza,16
6521 Fordem Center,17
913 Mitchell Plaza,18
72327 Rowland Drive,19
1 Waubesa Place,20
38 Jenna Terrace,21
2 Larry Plaza,22
57644 Gerald Pass,23
53 Hagan Avenue,24
782 Bultman Road,25
0 Fordem Hill,26
74 Parkside Drive,27
8473 Lunder Hill,28
4307 Helena Pass,29
876 Fordem Street,30
820 Cardinal Trail,31
67 Schmedeman Street,32
59516 Sundown Center,33
99 Blue Bill Park Place,34
58322 Melby Lane,35
5594 Texas Lane,36
48215 Annamark Drive,37
8700 Dovetail Junction,38
82156 Walton Street,39
35707 Linden Parkway,40
8915 Derek Junction,41
7761 Mockingbird Terrace,42
814 Mockingbird Court,43
17143 Lawn Avenue,44
63 Drewry Court,45
0984 Eliot Alley,46
280 Straubel Center,47
153 Delladonna Parkway,48
00 Upham Circle,49
0703 Donald Center,50
509 Butterfield Crossing,51
50960 Sachs Court,52
285 Autumn Leaf Junction,53
22 Sloan Alley,54
42863 Evergreen Point,55
57276 Troy Road,56
33 Evergreen Crossing,57
6060 Drewry Alley,58
35 Gale Crossing,59
0 Lukken Terrace,60
42 Pine View Terrace,61
8 Fieldstone Lane,62
231 Myrtle Circle,63
872 Northridge Court,64
15 Dexter Road,65
6 Mandrake Way,66
56285 Talisman Place,67
7 Golf View Place,68
0 Moose Point,69
9114 Independence Court,70
64 Sunnyside Crossing,71
8 Crescent Oaks Center,72
19 Bashford Pass,73
003 Reinke Plaza,74
60576 Annamark Circle,75
0631 Marquette Hill,76
754 Hansons Road,77
61068 Warrior Point,78
9129 Hoffman Point,79
3316 Westridge Trail,80
1346 Summerview Point,81
27425 Prairieview Road,82
0 Mallory Center,83
336 Crescent Oaks Court,84
2 Jenifer Hill,85
1562 Springview Alley,86
1 Susan Center,87
9 Blaine Place,88
42 Randy Terrace,89
8 Goodland Avenue,90
595 Little Fleur Way,91
6 Packers Drive,92
7288 Hintze Street,93
43457 Lawn Court,94
47 Norway Maple Plaza,95
8694 Shelley Trail,96
86357 Heath Park,97
15040 Karstens Street,98
31 Kipling Alley,99
73 Colorado Road,100
60866 Vidon Court,101
9 Eagan Pass,102
8068 Esch Place,103
7 Westerfield Court,104
5235 Valley Edge Drive,105
1693 Petterle Drive,106
00393 Superior Crossing,107
961 Arrowood Place,108
1 Steensland Hill,109
96 Crownhardt Terrace,110
1565 Ludington Circle,111
5 Petterle Point,112
573 Clarendon Trail,113
854 Jackson Terrace,114
57480 Dovetail Point,115
3659 Bunting Park,116
3 Fordem Plaza,117
0 Oxford Drive,118
09 Miller Court,119
0 Sage Trail,120
87219 Westport Pass,121
19530 Bultman Drive,122
37065 Coleman Avenue,123
6 Sauthoff Center,124
533 Village Parkway,125
2 Mayer Trail,126
4 Caliangt Place,127
5445 Corscot Parkway,128
75 Bartillon Pass,129
3 Village Place,130
77 Continental Hill,131
6670 Rusk Circle,132
8 Northridge Terrace,133
04843 Bultman Park,134
0543 Chinook Place,135
36 Summit Circle,136
86 Mosinee Center,137
8490 Springs Point,138
5 Coleman Parkway,139
2 Memorial Road,140
651 Marquette Lane,141
11338 Carpenter Court,142
6 Talisman Pass,143
799 Butternut Drive,144
3 Kedzie Parkway,145
3805 Pawling Street,146
17 Lyons Drive,147
41452 Sundown Street,148
4 Nancy Alley,149
19 Susan Alley,150
54522 Autumn Leaf Avenue,151
1 Sunnyside Junction,152
0 Reindahl Drive,153
1872 Fair Oaks Drive,154
55 Donald Avenue,155
59 Cascade Plaza,156
98 Parkside Trail,157
340 Northridge Point,158
3645 Scoville Court,159
79 Kipling Lane,160
121 Donald Junction,161
73 Bluejay Way,162
01 Oriole Way,163
47 Toban Hill,164
0 Killdeer Pass,165
95 Debra Hill,166
26 Dapin Hill,167
66629 Sauthoff Lane,168
4 Jenna Circle,169
5 Muir Way,170
33 Oak Drive,171
410 Colorado Trail,172
5 Nancy Point,173
43592 Cherokee Crossing,174
03 Namekagon Circle,175
0 Golf Course Pass,176
8 Division Circle,177
56 Hoard Alley,178
326 Meadow Vale Parkway,179
17365 Fieldstone Parkway,180
84866 Mcbride Trail,181
227 Shopko Terrace,182
46 5th Alley,183
02 Pearson Junction,184
1695 Bultman Parkway,185
6827 Bowman Terrace,186
362 Old Gate Park,187
043 Jenifer Center,188
26057 Grover Way,189
10237 Pleasure Alley,190
7 Swallow Court,191
6 Main Park,192
5493 Straubel Plaza,193
7110 Mitchell Parkway,194
6 Hanson Lane,195
4 Bluejay Trail,196
7 Kensington Plaza,197
6611 Lawn Junction,198
4630 Jana Center,199
6402 Erie Trail,200
