UserID,Location
1,5959 Elmcrest Road Braintree MA
2,181920 Fayerweather Street Cambridge MA
3,9595 Cherrywood Avenue Auburn MA
4,5151 Walnutcrest Drive Melrose MA
5,212223 Garden Street Cambridge MA
6,456 Elm Street Cambridge MA
7,2021 Spruce Road Springfield MA
8,6767 Cedarwood Court Hudson MA
9,7777 Chestnutcrest Avenue Northborough MA
10,181920 Fayerweather Street Cambridge MA
11,5555 Cedarcrest Drive Natick MA
12,91011 Commonwealth Avenue Boston MA
13,1415 Walnut Drive Springfield MA
14,2223 Magnolia Lane Springfield MA
15,3131 Cedarwood Lane Peabody MA
16,8181 Maplecrest Drive Shrewsbury MA
17,789 Oak Avenue Springfield MA
18,1213 Pine Lane Springfield MA
19,151617 Elmwood Avenue Cambridge MA
20,6767 Cedarwood Court Hudson MA
21,6161 Birchwood Lane Milton MA
22,789 Oak Avenue Springfield MA
23,8989 Birchcrest Avenue Sutton MA
24,7171 Elmwood Avenue Sudbury MA
25,2223 Magnolia Lane Springfield MA
26,9999 Willowwood Road Webster MA
27,151617 Elmwood Avenue Cambridge MA
28,5151 Walnutcrest Drive Melrose MA
29,5555 Cedarcrest Drive Natick MA
30,8181 Maplecrest Drive Shrewsbury MA
31,91011 Cedar Street Cambridge MA
32,789 Oak Avenue Springfield MA
33,1717 Birch Road Brockton MA
34,1415 Walnut Drive Springfield MA
35,3535 Elmwood Drive Everett MA
36,212223 Garden Street Cambridge MA
37,303132 Jones Road Cambridge MA1010 Maple Drive Worcester MA
38,303132 Jersey Street Boston MA
39,8181 Maplecrest Drive Shrewsbury MA
40,6161 Birchwood Lane Milton MA
41,242526 Hereford Street Boston MA
42,6565 Pinecrest Drive Acton MA
43,4343 Cedarcrest Court Marlborough MA
44,272829 Ipswich Street Boston MA
45,2727 Willow Street Waltham MA
46,5678 Banks Street Cambridge MA
47,6565 Pinecrest Drive Acton MA
48,1313 Pine Lane Quincy MA
49,151617 Elmwood Avenue Cambridge MA
50,4343 Cedarcrest Court Marlborough MA
51,1213 Pine Lane Springfield MA
52,789 Maple Avenue Springfield MA
53,6565 Pinecrest Drive Acton MA
54,151617 Exeter Street Boston MA
55,9797 Maplewood Lane Oxford MA
56,9393 Chestnutwood Drive Spencer MA
57,5151 Walnutcrest Drive Melrose MA
58,8989 Birchcrest Avenue Sutton MA
59,303132 Jones Road Cambridge MA1010 Maple Drive Worcester MA
60,91011 Cedar Street Cambridge MA
61,3333 Oakwood Court Revere MA
62,1234 Beacon Street Boston MA
63,151617 Exeter Street Boston MA
64,789 Maple Avenue Springfield MA
65,789 Maple Avenue Springfield MA
66,3535 Elmwood Drive Everett MA
67,91011 Cedar Street Cambridge MA
68,456 Elm Street Cambridge MA
69,6969 Oakwood Lane Maynard MA
70,4343 Cedarcrest Court Marlborough MA
71,6565 Pinecrest Drive Acton MA
72,2929 Redwood Avenue Medford MA
73,123 Main Street Springfield MA
74,242526 Hereford Street Boston MA
75,4747 Elmcrest Avenue Lexington MA
76,6161 Birchwood Lane Milton MA
77,151617 Exeter Street Boston MA
78,1234 Aberdeen Avenue Cambridge MA
79,2727 Willow Street Waltham MA
80,456 Elm Street Springfield MA
81,91011 Cedar Street Cambridge MA
82,456 Elm Street Cambridge MA
83,7171 Elmwood Avenue Sudbury MA
84,5678 Boylston Street Boston MA
85,9595 Cherrywood Avenue Auburn MA
86,1617 Cedar Avenue Springfield MA
87,242526 Hereford Street Boston MA
88,151617 Elmwood Avenue Cambridge MA
89,1415 Walnut Drive Springfield MA
90,9191 Walnutwood Road Leicester MA
91,8181 Maplecrest Drive Shrewsbury MA
92,2121 Chestnut Avenue Newton MA
93,272829 Ipswich Street Boston MA
94,272829 Ipswich Street Boston MA
95,123 Main Street Boston MA
96,5353 Maplecrest Avenue Belmont MA
97,9999 Willowwood Road Webster MA
98,2323 Cherry Lane Somerville MA
99,3131 Cedarwood Lane Peabody MA
100,5757 Oakcrest Lane Norwood MA
101,5678 Boylston Street Boston MA
102,3737 Birchwood Road Salem MA
103,7777 Chestnutcrest Avenue Northborough MA
104,4343 Cedarcrest Court Marlborough MA
105,121314 Dartmouth Street Boston MA
106,242526 Harvard Street Cambridge MA
107,789 Oak Avenue Springfield MA
108,121314 Dartmouth Street Boston MA
109,242526 Hereford Street Boston MA
110,5757 Oakcrest Lane Norwood MA
111,789 Oak Avenue Springfield MA
112,3333 Oakwood Court Revere MA
113,6161 Birchwood Lane Milton MA
114,6767 Cedarwood Court Hudson MA
115,4949 Birchcrest Court Arlington MA
116,3535 Elmwood Drive Everett MA
117,1313 Pine Lane Quincy MA
118,9999 Willowwood Road Webster MA
119,151617 Elmwood Avenue Cambridge MA
120,4141 Pinecrest Avenue Chelsea MA
121,5353 Maplecrest Avenue Belmont MA
122,1919 Walnut Street Lynn MA
123,7171 Elmwood Avenue Sudbury MA
124,272829 Ipswich Street Boston MA
125,5757 Oakcrest Lane Norwood MA
126,789 Maple Avenue Springfield MA
127,8181 Maplecrest Drive Shrewsbury MA
128,789 Maple Avenue Springfield MA
129,242526 Hereford Street Boston MA
130,272829 Inman Street Cambridge MA
131,242526 Hereford Street Boston MA
132,7575 Walnutwood Drive Hopkinton MA
133,7171 Elmwood Avenue Sudbury MA
134,5555 Cedarcrest Drive Natick MA
135,1234 Aberdeen Avenue Cambridge MA
136,7373 Birchwood Road Ashland MA
137,6363 Walnutwood Avenue Westford MA
138,8383 Cedarcrest Avenue Westborough MA
139,2727 Willow Street Waltham MA
140,2121 Chestnut Avenue Newton MA
141,212223 Gloucester Street Boston MA
142,5757 Oakcrest Lane Norwood MA
143,789 Maple Avenue Springfield MA
144,5959 Elmcrest Road Braintree MA
145,9999 Willowwood Road Webster MA
146,1234 Beacon Street Boston MA
147,1717 Birch Road Brockton MA
148,5151 Walnutcrest Drive Melrose MA
149,3333 Oakwood Court Revere MA
150,2929 Redwood Avenue Medford MA
151,2223 Magnolia Lane Springfield MA
152,6969 Oakwood Lane Maynard MA
153,7777 Chestnutcrest Avenue Northborough MA
154,8383 Cedarcrest Avenue Westborough MA
155,6969 Oakwood Lane Maynard MA
156,1234 Beacon Street Boston MA
157,4141 Pinecrest Avenue Chelsea MA
158,212223 Gloucester Street Boston MA
159,1819 Birchwood Court Springfield MA
160,5757 Oakcrest Lane Norwood MA
161,6565 Pinecrest Drive Acton MA
162,3737 Birchwood Road Salem MA
163,456 Elm Street Cambridge MA
164,2223 Magnolia Lane Springfield MA
165,151617 Exeter Street Boston MA
166,1617 Cedar Avenue Springfield MA
167,181920 Fairfield Street Boston MA
168,1919 Walnut Street Lynn MA
169,151617 Exeter Street Boston MA
170,6565 Pinecrest Drive Acton MA
171,9393 Chestnutwood Drive Spencer MA
172,303132 Jones Road Cambridge MA1010 Maple Drive Worcester MA
173,5757 Oakcrest Lane Norwood MA
174,4141 Pinecrest Avenue Chelsea MA
175,5678 Boylston Street Boston MA
176,212223 Garden Street Cambridge MA
177,1234 Aberdeen Avenue Cambridge MA
178,1617 Cedar Avenue Springfield MA
179,5151 Walnutcrest Drive Melrose MA
180,5555 Cedarcrest Drive Natick MA
181,5959 Elmcrest Road Braintree MA
182,1919 Walnut Street Lynn MA
183,7575 Walnutwood Drive Hopkinton MA
184,3737 Birchwood Road Salem MA
185,1011 Oak Street Springfield MA
186,1011 Oak Street Springfield MA
187,6565 Pinecrest Drive Acton MA
188,456 Elm Street Cambridge MA
189,123 Main Street Boston MA
190,5678 Boylston Street Boston MA
191,1213 Pine Lane Springfield MA
192,3939 Walnutwood Lane Malden MA
193,9797 Maplewood Lane Oxford MA
194,6767 Cedarwood Court Hudson MA
195,6767 Cedarwood Court Hudson MA
196,242526 Harvard Street Cambridge MA
197,3737 Birchwood Road Salem MA
198,212223 Garden Street Cambridge MA
199,303132 Jones Road Cambridge MA1010 Maple Drive Worcester MA
200,181920 Fayerweather Street Cambridge MA
