UserID,User_des
1,789 Maple Avenue Boston MA
2,5354 Sprucehill Street Boston MA
3,2324 Poplar Street Boston MA
4,6566 Locust Street Boston MA
5,5758 Aspen Street Boston MA
6,5354 Sprucehill Street Cambridge MA
7,8788 Sprucewood Drive Cambridge MA
8,1313 Pine Street Boston MA
9,9596 Walnutwood Drive Boston MA
10,5556 Hemlock Street Springfield MA
11,5152 Willowhill Street Boston MA
12,8990 Pinecrest Drive Boston MA
13,2122 Spruce Street Boston MA
14,8182 Oakridge Street Boston MA
15,4344 Maplewood Street Boston MA
16,5758 Aspen Street Springfield MA
17,4748 Pinehill Street Cambridge MA
18,6970 Mulberry Street Springfield MA
19,103104 Pinehill Drive Boston MA
20,6162 Larch Street Springfield MA
21,5152 Willowhill Street Boston MA
22,8788 Sprucewood Drive Springfield MA
23,9596 Walnutwood Drive Boston MA
24,5152 Willowhill Street Cambridge MA
25,7576 Elmcrest Street Springfield MA
26,3738 Brookside Street Cambridge MA
27,2122 Spruce Street Cambridge MA
28,3132 Laurel Street Cambridge MA
29,99100 Maplehill Drive Springfield MA
30,103104 Pinehill Drive Springfield MA.  123 Main Street Amherst MA
31,3738 Brookside Street Cambridge MA
32,9394 Oakwood Drive Cambridge MA
33,6162 Larch Street Springfield MA
34,8788 Sprucewood Drive Cambridge MA
35,3132 Laurel Street Cambridge MA
36,789 Maple Avenue Boston MA
37,8384 Maplewood Drive Cambridge MA
38,4546 Oakhill Street Boston MA
39,2526 Willow Street Boston MA
40,7980 Pinewood Street Cambridge MA
41,5960 Magnolia Street Boston MA
42,4950 Chestnuthill Street Boston MA
43,1516 Walnut Street Boston MA
44,3536 Pinecrest Street Cambridge MA
45,7980 Pinewood Street Boston MA
46,99100 Maplehill Drive Boston MA
47,6566 Locust Street Springfield MA
48,789 Maple Avenue Cambridge MA
49,9192 Elmwood Drive Boston MA
50,1920 Birch Street Boston MA
51,6970 Mulberry Street Springfield MA
52,4344 Maplewood Street Boston MA
53,8586 Cedarwood Drive Boston MA
54,456 Elm Street Amherst MA
55,8788 Sprucewood Drive Springfield MA
56,3132 Laurel Street Boston MA
57,8586 Cedarwood Drive Boston MA
58,1920 Birch Street Amherst MA
59,8384 Maplewood Drive Boston MA
60,7778 Birchcrest Street Cambridge MA
61,6162 Larch Street Springfield MA
62,789 Maple Avenue Boston MA
63,3940 Redwood Street Boston MA
64,3334 Elmwood Street Cambridge MA
65,7172 Vine Street Cambridge MA
66,5960 Magnolia Street Boston MA
67,5354 Sprucehill Street Springfield MA
68,9192 Elmwood Drive Cambridge MA
69,7576 Elmcrest Street Boston MA
70,2930 Chestnut Street Boston MA
71,3334 Elmwood Street Boston MA
72,1313 Pine Street Amherst MA
73,3940 Redwood Street Boston MA
74,5354 Sprucehill Street Cambridge MA
75,123 Main Street Boston MA
76,5354 Sprucehill Street Springfield MA
77,2122 Spruce Street Amherst MA
78,5556 Hemlock Street Boston MA
79,7980 Pinewood Street Cambridge MA
80,2122 Spruce Street Cambridge MA
81,9596 Walnutwood Drive Cambridge MA
82,6364 Birchhill Street Springfield MA
83,101102 Birchhill Drive Springfield MA
84,9394 Oakwood Drive Cambridge MA
85,6970 Mulberry Street Boston MA
86,789 Maple Avenue Cambridge MA
87,6768 Alder Street Cambridge MA
88,8586 Cedarwood Drive Cambridge MA
89,5758 Aspen Street Cambridge MA
90,6970 Mulberry Street Cambridge MA
91,5960 Magnolia Street Cambridge MA
92,2526 Willow Street Cambridge MA
93,5354 Sprucehill Street Cambridge MA
94,9798 Chestnutwood Drive Boston MA
95,8788 Sprucewood Drive Boston MA
96,99100 Maplehill Drive Cambridge MA
97,6364 Birchhill Street Boston MA
98,9192 Elmwood Drive Boston MA
99,101102 Birchhill Drive Boston MA
100,3738 Brookside Street Boston MA
101,1516 Walnut Street Cambridge MA
102,8990 Pinecrest Drive Boston MA
103,6768 Alder Street Cambridge MA
104,5960 Magnolia Street Boston MA
105,3940 Redwood Street Boston MA
106,""
107,6768 Alder Street Springfield MA
108,2122 Spruce Street Boston MA
109,4950 Chestnuthill Street Boston MA
110,8384 Maplewood Drive Cambridge MA
111,7576 Elmcrest Street Springfield MA
112,9596 Walnutwood Drive Cambridge MA
113,4950 Chestnuthill Street Cambridge MA
114,6768 Alder Street Boston MA
115,3940 Redwood Street Boston MA
116,8586 Cedarwood Drive Boston MA
117,3738 Brookside Street Boston MA
118,1718 Cedar Street Cambridge MA
119,8586 Cedarwood Drive Boston MA
120,9394 Oakwood Drive Cambridge MA
121,7778 Birchcrest Street Cambridge MA
122,5758 Aspen Street Cambridge MA
123,103104 Pinehill Drive Cambridge MA
124,2930 Chestnut Street Boston MA
125,4950 Chestnuthill Street Boston MA
126,8990 Pinecrest Drive Boston MA
127,6364 Birchhill Street Cambridge MA
128,2526 Willow Street Cambridge MA
129,7172 Vine Street Boston MA
130,8990 Pinecrest Drive Boston MA
131,2122 Spruce Street Cambridge MA
132,5354 Sprucehill Street Springfield MA
133,789 Maple Avenue Boston MA
134,8384 Maplewood Drive Cambridge MA
135,9394 Oakwood Drive Springfield MA
136,1011 Oak Street Amherst MA
137,456 Elm Street Amherst MA
138,9192 Elmwood Drive Cambridge MA
139,103104 Pinehill Drive Springfield MA.  123 Main Street Amherst MA
140,456 Elm Street Boston MA
141,8384 Maplewood Drive Cambridge MA
142,7374 Willowcrest Street Springfield MA
143,9596 Walnutwood Drive Cambridge MA
144,4142 Cedarwood Street Cambridge MA
145,9596 Walnutwood Drive Boston MA
146,8384 Maplewood Drive Springfield MA
147,3940 Redwood Street Cambridge MA
148,5758 Aspen Street Cambridge MA
149,2526 Willow Street Cambridge MA
150,9394 Oakwood Drive Cambridge MA
151,""
152,101102 Birchhill Drive Cambridge MA
153,2728 Oakwood Street Worcester MA
154,456 Elm Street Cambridge MA
155,103104 Pinehill Drive Boston MA
156,9798 Chestnutwood Drive Boston MA
157,8990 Pinecrest Drive Cambridge MA
158,7374 Willowcrest Street Boston MA
159,8586 Cedarwood Drive Boston MA
160,3334 Elmwood Street Boston MA
161,3334 Elmwood Street Boston MA
162,1313 Pine Street Amherst MA
163,7576 Elmcrest Street Cambridge MA
164,2930 Chestnut Street Worcester MA
165,3738 Brookside Street Boston MA
166,7374 Willowcrest Street Cambridge MA
167,7374 Willowcrest Street Cambridge MA
168,3334 Elmwood Street Cambridge MA
169,4344 Maplewood Street Boston MA
170,8788 Sprucewood Drive Springfield MA
171,1516 Walnut Street Amherst MA
172,1313 Pine Street Boston MA
173,8182 Oakridge Street Springfield MA
174,8586 Cedarwood Drive Cambridge MA
175,2324 Poplar Street Worcester MA
176,6162 Larch Street Boston MA
177,3940 Redwood Street Boston MA
178,2930 Chestnut Street Worcester MA
179,7778 Birchcrest Street Boston MA
180,5354 Sprucehill Street Boston MA
181,8182 Oakridge Street Springfield MA
182,3132 Laurel Street Boston MA
183,8586 Cedarwood Drive Cambridge MA
184,789 Maple Avenue Boston MA
185,6162 Larch Street Springfield MA
186,3738 Brookside Street Cambridge MA
187,1313 Pine Street Cambridge MA
188,6364 Birchhill Street Boston MA
189,7374 Willowcrest Street Springfield MA
190,7980 Pinewood Street Cambridge MA
191,4344 Maplewood Street Cambridge MA
192,456 Elm Street Amherst MA
193,6566 Locust Street Cambridge MA
194,2526 Willow Street Worcester MA
195,4546 Oakhill Street Cambridge MA
196,4950 Chestnuthill Street Boston MA
197,9192 Elmwood Drive Springfield MA
198,101102 Birchhill Drive Boston MA
199,6970 Mulberry Street Boston MA
200,4748 Pinehill Street Cambridge MA
